{"valueType":"lists","values":[{"_typeName":"User","id":"cjqfayww0000m0947vn5svv4g","actionTypes":["pages","frontend","pagesUrls","page"]},{"_typeName":"Privilege","id":"cjqme6ovn32cd0a93usnh9dd7","actionTypes":["users","privileges","hasUserPermission","actionTypes","authenticate","createPrivilege","updatePrivilege","createUser","updateUser","projects","pageTranslations","pagePlugins","pageTasks","pageChats","files","navigations","navigationNodes","tags","pages","pageTypes","websites","languages","project","pageTranslation","pagePlugin","pageTask","pageChat","file","navigation","navigationNode","tag","page","pageType","website","language","projectsConnection","pageTranslationsConnection","pagePluginsConnection","pageTasksConnection","pageChatsConnection","filesConnection","navigationsConnection","navigationNodesConnection","tagsConnection","pagesConnection","pageTypesConnection","websitesConnection","languagesConnection","node","frontend","pagesUrls","createProject","createPageTranslation","createPagePlugin","createPageTask","createPageChat","createFile","createNavigation","createNavigationNode","createTag","createPageType","createWebsite","createLanguage","updateProject","updatePageTranslation","updatePagePlugin","updatePageTask","updatePageChat","updateFile","updateNavigation","updateNavigationNode","updateTag","updatePage","updatePageType","updateWebsite","updateLanguage","deleteProject","deletePageTranslation","deletePagePlugin","deletePageTask","deletePageChat","deleteFile","deleteNavigation","deleteNavigationNode","deleteTag","deletePage","deletePageType","deleteWebsite","deleteLanguage","upsertProject","upsertPageTranslation","upsertPagePlugin","upsertPageTask","upsertPageChat","upsertFile","upsertNavigation","upsertNavigationNode","upsertTag","upsertPage","upsertPageType","upsertWebsite","upsertLanguage","updateManyProjects","updateManyPageTranslations","updateManyPagePlugins","updateManyPageTasks","updateManyPageChats","updateManyFiles","updateManyNavigations","updateManyNavigationNodes","updateManyTags","updateManyPages","updateManyPageTypes","updateManyWebsites","updateManyLanguages","deleteManyProjects","deleteManyPageTranslations","deleteManyPagePlugins","deleteManyPageTasks","deleteManyPageChats","deleteManyFiles","deleteManyNavigations","deleteManyNavigationNodes","deleteManyTags","deleteManyPages","deleteManyPageTypes","deleteManyWebsites","deleteManyLanguages","createPage","createNavigationStructure","savePagePlugin"]}]}