{"valueType":"nodes","values":[{"_typeName":"User","id":"cjpfgz3h5001l0928qsq16o8j","name":"Pavel Krčil","updatedAt":"2018-12-08T13:03:00.184Z","createdAt":"2018-12-08T13:03:00.184Z"},{"_typeName":"User","id":"cjpfgzbfb001o0928lzaakjnw","name":"Vojtěch Kudláček","updatedAt":"2018-12-08T13:03:10.487Z","createdAt":"2018-12-08T13:03:10.487Z"},{"_typeName":"User","id":"cjpfia19800250928eh4dfhz0","name":"Michal Kudrnáč","updatedAt":"2018-12-08T13:39:30.140Z","createdAt":"2018-12-08T13:39:30.140Z"}]}