{"valueType":"nodes","values":[{"_typeName":"User","id":"cjqfaxdun000f0947tehze5ff","name":"michal kudrnac","updatedAt":"2019-01-07T13:59:15.972Z","avatar":"https://lh6.googleusercontent.com/-TwOSjtmhzXE/AAAAAAAAAAI/AAAAAAAAAHo/PTog-o7sKSI/photo.jpg","email":"michalkud@gmail.com","auth0id":"112656315832008506448","createdAt":"2019-01-02T14:53:24.939Z","identity":"google-oauth2"},{"_typeName":"User","id":"cjqfayww0000m0947vn5svv4g","name":"Unathorized user","updatedAt":"2019-01-02T15:13:35.447Z","avatar":"empty","email":"empty","auth0id":"ANONYMOUS","createdAt":"2019-01-02T14:54:36.288Z","identity":"none"},{"_typeName":"Privilege","id":"cjqme6ovn32cd0a93usnh9dd7","name":"Admin","createdAt":"2019-01-07T13:59:01.206Z","updatedAt":"2019-01-07T13:59:01.206Z"}]}